Domain Name,Domain privacy protection status,Domain status at NC,Domain auto-renew status,Domain expiration date
bscotch.com,ON,Active,ON,Mar 15 2027
certifiedk12.com,ON,Active,ON,Jan 02 2027
certifiedk12.net,ON,Active,ON,Mar 25 2027
certifiedk12.online,ON,Active,ON,Apr 10 2027
certifiedk12.org,ON,Active,ON,Jan 02 2027
certifiedteacherjobs.com,OFF,Active,ON,Nov 10 2026
certifiedteacherjobs.info,OFF,Active,ON,Oct 31 2026
certifiedteacherjobs.net,ON,Active,OFF,Sep 11 2026
certifiedteacherjobs.org,OFF,Active,ON,Sep 11 2026
charterjobs.org,OFF,Active,ON,Nov 13 2026
charterschoolblogs.com,OFF,Active,ON,Mar 24 2027
charterschoolcareerfair.com,OFF,Active,ON,Jan 02 2027
charterschoolcareerfair.org,OFF,Active,ON,Sep 16 2026
charterschoolcareerfairs.com,OFF,Active,ON,Jan 02 2027
charterschoolcareerfairs.org,OFF,Active,ON,Oct 31 2026
charterschoolcareers.co,ON,Active,ON,Feb 24 2027
charterschoolcareers.com,ON,Active,ON,Feb 25 2027
charterschoolcareers.net,ON,Active,ON,Feb 25 2027
charterschoolcareers.org,ON,Active,ON,Feb 25 2027
charterschoolconnect.com,OFF,Active,ON,Sep 28 2026
charterschooldaily.com,ON,Active,ON,May 24 2027
charterschooldaily.org,OFF,Active,ON,Apr 24 2027
charterschoolguide.com,OFF,Active,ON,Sep 23 2026
charterschoolguide.info,ON,Active,ON,Sep 23 2026
charterschoolguide.net,ON,Active,OFF,Sep 23 2026
charterschoolguide.org,OFF,Active,ON,Sep 23 2026
charterschooljobfair.com,OFF,Active,ON,Jan 02 2027
charterschooljobfair.org,OFF,Active,ON,Sep 16 2026
charterschooljobfairs.com,OFF,Active,ON,Jan 02 2027
charterschooljobfairs.org,ON,Active,ON,Mar 25 2027
charterschooljobs.app,ON,Active,ON,Jan 02 2027
charterschooljobs.biz,ON,Active,ON,Mar 04 2027
charterschooljobs.co,ON,Active,ON,Oct 04 2026
charterschooljobs.com,ON,Active,ON,Jan 28 2028
charterschooljobs.info,ON,Active,ON,Mar 05 2027
charterschooljobs.mobi,OFF,Active,ON,Jul 12 2027
charterschooljobs.net,OFF,Active,ON,Aug 04 2027
charterschooljobs.org,ON,Active,ON,Aug 04 2027
charterschoolstaffing.info,ON,Active,ON,May 24 2027
charterschoolstaffing.net,ON,Active,OFF,May 24 2027
charterschoolstaffing.org,ON,Active,ON,May 24 2027
charterschoolteacher.com,ON,Active,ON,May 19 2027
charterschoolteacher.org,ON,Active,ON,Mar 25 2027
charterschooltemps.com,ON,Active,ON,Mar 08 2027
charterschooltemps.org,ON,Active,ON,Mar 08 2027
charterschoolvendors.com,ON,Active,ON,Mar 01 2027
charterschoolweekly.com,ON,Active,ON,May 24 2027
flathistory.com,OFF,Active,ON,Oct 29 2026
harlemcharterschools.com,ON,Active,ON,Mar 31 2027
harlemcharterschools.org,ON,Active,ON,Mar 31 2027
hqteachers.com,ON,Active,ON,Jan 02 2027
hqteachers.org,ON,Active,ON,Jan 02 2027
ifelon.org,ON,Active,ON,Jan 23 2027
independentschooljobs.com,ON,Active,ON,Aug 21 2027
independentschooljobs.net,ON,Alert,OFF,Aug 22 2026
independentschooljobs.org,ON,Active,ON,Aug 22 2027
k12.contact,ON,Active,ON,Jan 02 2027
k12certified.org,ON,Active,ON,Jan 02 2027
k12certifiedjobs.com,ON,Active,ON,Jul 01 2027
k12certifiedjobs.org,ON,Active,ON,Jul 01 2027
k12connect.ai,ON,Active,ON,Oct 02 2027
k12connect.app,ON,Active,ON,Jan 02 2027
k12connect.co,ON,Active,ON,Mar 01 2027
k12connect.com,ON,Active,ON,Jan 21 2027
k12connect.info,OFF,Active,ON,Jan 03 2027
k12connect.io,ON,Active,ON,Oct 07 2026
k12connect.net,ON,Active,ON,Jan 14 2027
k12connect.org,ON,Active,ON,Jan 14 2027
k12cv.com,ON,Active,ON,Mar 19 2027
k12cv.net,ON,Active,ON,Mar 19 2027
k12cv.org,ON,Active,ON,Mar 19 2027
k12jobfair.com,ON,Active,ON,May 28 2027
k12jobfair.org,ON,Active,ON,May 28 2027
k12jobfairs.com,ON,Active,ON,Feb 28 2027
k12jobfairs.info,ON,Active,ON,Feb 28 2027
k12jobfairs.net,ON,Active,ON,Feb 28 2027
k12jobfairs.org,ON,Active,ON,Feb 28 2027
k12teacherportfolio.com,ON,Active,ON,May 28 2027
magnetschooljobs.com,ON,Active,ON,Feb 21 2027
mycv.page,ON,Active,ON,Jan 02 2027
prekjobs.co,ON,Active,ON,May 01 2027
prekjobs.com,ON,Active,OFF,Apr 15 2027
prekjobs.org,ON,Active,ON,May 01 2027
prepschooljobs.com,ON,Active,ON,Jun 05 2027
publicschoolcareerfairs.com,ON,Active,OFF,Mar 31 2027
publicschoolcareerfairs.org,ON,Active,OFF,Mar 31 2027
publicschoolguide.co,ON,Active,OFF,Oct 21 2026
publicschoolguide.info,OFF,Active,ON,Oct 22 2026
publicschoolguide.net,ON,Active,ON,Oct 22 2026
publicschoolguide.org,OFF,Active,ON,Oct 22 2026
publicschooljobfairs.com,ON,Active,OFF,Mar 31 2027
publicschooljobs.com,ON,Active,ON,Feb 02 2027
publicschooljobs.net,ON,Active,ON,Jun 15 2027
publicschooljobs.org,ON,Active,ON,Jun 15 2027
charterschooljobs.app,ON,Active,ON,Jan 02 2027
schoolreformjobs.com,OFF,Active,ON,Mar 23 2027
strongonomics.com,OFF,Active,ON,Jun 30 2027
sub2perm.com,OFF,Active,ON,Apr 22 2027
sub2perm.org,OFF,Active,ON,Apr 22 2027
teacherjobs.page,ON,Active,ON,Jan 02 2027
teachers.contact,ON,Active,ON,Jan 02 2027
viralheadhunter.com,ON,Active,ON,Sep 04 2026
viralheadhunter.net,ON,Active,OFF,Sep 04 2026
viralrecruiter.com,ON,Active,ON,Sep 04 2026
viralrecruiter.net,ON,Active,OFF,Sep 04 2026
