30-Day Job Posting Credit Price by Volume,,,,
,,,,Incremental Discount:
Qty,Price,Subtotal,,5.00%
1,100,100,,
2,95,190,,
3,90,270,,
4,85,340,,
5,80,400,,
10,70,700,,
15,65,975,,
20,60,1200,,
25,50,1250,,
,,,,
,,,,
60-Day Job Posting Credit Price by Volume,,,,
,,,,Incremental Discount:
Qty,Price,Subtotal,,5.00%
1,150,150,,
2,142.5,285,,
3,135,405,,
4,128,510,,
5,120,600,,
10,105,1050,,
15,98,1462.5,,
20,90,1800,,
25,75,1875,,
,,,,
,,,,
,,,,
Annual Plan Pricing,,,,
,,,,
Level,Price,Postings/month,Event Discount,
Bronze,800,5,20%,
Silver,1500,15,20%,
Gold,2500,50,20%,
Platinum,4000,200,20%,